CustomerID,customer_revenue
14646,280206.02
18102,259657.29999999996
17450,194390.79000000004
16446,168472.5
14911,143711.17000000007
12415,124914.52999999997
14156,117210.07999999999
17511,91062.38000000002
16029,80850.84
12346,77183.6
16684,66653.56
14096,65164.789999999986
13694,65039.61999999999
15311,60632.74999999994
13089,58762.07999999997
17949,58510.479999999996
15769,56252.72
15061,54534.140000000014
14298,51527.299999999974
14088,50491.810000000005
15749,44534.3
12931,42055.96
17841,40519.83999999989
15098,39916.5
13798,37153.85
16013,37130.6
16422,34684.4
15838,33643.079999999994
12748,33053.189999999944
17404,31906.820000000003
17389,31833.679999999997
13098,28882.440000000002
14680,28754.109999999997
13081,28337.379999999994
13408,28117.040000000008
17857,26879.039999999997
16333,26626.800000000003
13777,25977.159999999996
12753,21429.390000000003
12744,21279.29
16210,21086.300000000003
17675,20374.280000000002
17381,20275.61
12471,19788.649999999998
15039,19766.590000000004
12731,18895.91
15159,18641.01
12901,17654.539999999997
12678,17628.46
14031,17286.859999999997
17428,17256.850000000002
13767,17220.36
13881,17159.52
16839,16594.350000000002
12921,16587.09
17677,16345.380000000003
15189,16225.390000000001
14607,16209.5
15856,16143.64
14051,15610.390000000001
15513,14758.219999999998
16133,14589.04
14866,14389.899999999998
16705,14034.99
12681,13787.539999999999
12621,13689.67
12540,13400.24
12433,13375.87
15498,13316.4
12477,13219.74
17735,13110.020000000002
16525,13027.45
14258,12669.980000000001
13078,12627.939999999997
12536,12601.830000000002
15640,12416.11
16000,12393.7
17340,12353.289999999999
12682,12279.819999999998
13113,12245.960000000001
14606,12076.150000000012
12557,11990.96
12939,11581.8
15125,11528.48
14194,11349.519999999999
12971,11189.910000000002
14895,11138.710000000001
12409,11072.669999999998
17581,11025.24
15482,10879.76
13319,10845.550000000001
17107,10797.48
13340,10736.48
17139,10650.77
16779,10611.720000000001
17865,10526.320000000003
17706,10504.490000000002
15251,10484.990000000002
14062,10464.849999999999
14769,10416.980000000001
15615,10399.74
15502,10384.93
16180,10254.179999999998
16843,10196.57
12590,9864.26
13199,9817.119999999999
13001,9785.970000000001
15078,9743.109999999999
12709,9706.519999999999
13458,9646.570000000002
14733,9585.91
16523,9418.470000000001
12567,9401.28
14367,9227.819999999998
14667,9175.040000000003
18092,9068.26
12451,9035.52
13969,9024.170000000002
13488,8968.310000000001
13090,8910.82
16033,8778.820000000002
17017,8694.260000000002
17306,8631.310000000001
16656,8625.8
17243,8540.050000000001
14527,8507.130000000006
12683,8476.57
18139,8438.34
15358,8347.2
16558,8338.49
14056,8152.710000000001
14936,8137.0199999999995
16672,8134.940000000001
13854,8109.52
14952,8099.49
18109,8004.920000000001
14796,7975.490000000001
12428,7956.46
15290,7943.220000000001
14849,7930.539999999998
12757,7834.649999999999
13093,7832.469999999999
12435,7829.89
13629,7792.36
17811,7761.8200000000015
15044,7634.7300000000005
15194,7616.530000000001
18172,7561.679999999999
13263,7436.930000000003
12980,7374.9
15465,7354.619999999999
17396,7330.800000000001
12474,7324.09
12583,7281.38
13018,7277.700000000001
18229,7276.9
16729,7205.330000000001
16745,7180.7
16873,7123.62
13324,7121.950000000001
16923,7069.079999999999
13985,7060.130000000001
14961,7044.680000000001
12766,6989.630000000001
12798,6977.040000000001
12989,6924.11
13027,6912.0
16187,6911.4400000000005
16713,6910.78
17416,6893.419999999999
12705,6868.289999999999
12476,6816.419999999999
12830,6814.64
15601,6776.5599999999995
16652,6773.969999999999
18055,6761.340000000002
16532,6748.799999999999
15023,6720.41
13576,6717.340000000001
15249,6688.459999999998
16746,6680.109999999999
16353,6675.710000000001
12626,6620.48
16182,6617.65
15144,6580.4400000000005
12472,6572.109999999999
17338,6493.539999999999
18223,6484.54
15694,6479.400000000001
13225,6463.84
13102,6424.089999999999
12431,6419.949999999999
16814,6416.700000000001
13871,6403.249999999999
12359,6310.03
13668,6309.83
13709,6307.65
15005,6295.37
16126,6287.770000000001
17315,6281.230000000001
14057,6211.659999999999
12357,6207.669999999999
14060,6140.420000000001
13418,6127.43
15939,6115.01
17509,6083.64
14735,6065.6900000000005
13097,6003.22
12637,6002.899999999998
14101,5976.79
15382,5955.71
14944,5900.249999999999
13209,5891.610000000001
13534,5870.08
14505,5859.430000000001
14415,5855.57
13050,5836.860000000001
12720,5781.73
15218,5756.889999999999
17686,5739.46
13316,5732.93
13178,5725.469999999999
16553,5719.82
13468,5704.970000000001
14110,5683.150000000001
17716,5655.99
13004,5655.91
17049,5655.029999999999
18118,5625.080000000001
17757,5593.39
12839,5591.419999999999
12481,5579.82
14688,5579.1
14049,5578.72
16767,5575.5599999999995
12539,5568.35
16161,5533.669999999999
18225,5504.959999999999
16609,5493.460000000001
15805,5488.179999999999
16985,5464.119999999999
16265,5447.000000000001
18198,5425.5599999999995
12490,5417.93
17809,5411.91
16701,5398.299999999999
17719,5396.04
17850,5391.210000000001
16303,5360.629999999999
13269,5343.279999999999
17730,5298.479999999999
15150,5291.33
17061,5232.23
18226,5228.05
12362,5226.23
16258,5203.51
13756,5189.52
16191,5180.5199999999995
15727,5159.0599999999995
13599,5149.920000000001
17858,5140.66
15903,5126.76
13941,5112.959999999999
15046,5090.42
16700,5076.550000000001
13139,5064.9400000000005
12432,5059.32
17602,5054.42
15301,5049.949999999999
17426,5037.260000000001
15719,5030.070000000002
14755,5010.280000000001
14562,5006.7699999999995
12444,5005.46
14329,4975.24
15032,4959.1
12437,4951.41
12700,4939.99
14709,4921.04
15786,4919.0
15547,4910.599999999999
17133,4892.240000000001
12664,4881.88
12688,4873.8099999999995
14292,4871.93
17652,4867.720000000001
15738,4812.42
13013,4810.9400000000005
15298,4799.9
15555,4794.86
15187,4777.18
17365,4767.360000000001
12955,4757.16
14180,4748.52
15152,4745.6900000000005
16722,4730.81
17690,4726.8
12714,4708.860000000001
14135,4690.31
14191,4684.76
15291,4668.299999999999
14189,4654.08
14390,4642.570000000001
14159,4630.349999999999
14286,4628.75
13802,4599.42
15093,4597.02
14004,4582.639999999999
16931,4554.87
17068,4552.139999999999
17613,4544.549999999999
12484,4527.320000000001
13267,4521.49
15299,4507.01
12524,4485.719999999999
17975,4483.259999999999
14426,4481.67
12627,4478.53
17364,4462.679999999999
16984,4459.52
13069,4431.4400000000005
14085,4421.289999999999
15955,4416.259999999999
16626,4413.1
15874,4405.88
14534,4397.299999999999
12712,4396.130000000001
13505,4393.63
12752,4366.78
16945,4345.500000000001
14016,4341.209999999999
14800,4331.79
17567,4331.4800000000005
18251,4314.719999999999
12347,4310.0
17937,4301.22
15034,4274.16
14422,4263.64
12500,4257.820000000001
17419,4226.57
14525,4215.900000000001
15804,4206.39
15971,4199.85
12747,4196.01
14146,4191.0
14277,4188.0
12949,4167.219999999999
13384,4151.93
15570,4148.82
13988,4147.96
12569,4124.69
17920,4119.499999999999
16592,4113.679999999999
13555,4098.88
16401,4098.32
18041,4097.37
16670,4095.8999999999996
12749,4090.8799999999997
14092,4076.91
12449,4067.2899999999995
17377,4058.32
18087,4055.7199999999993
14401,4051.4800000000005
12656,4051.1700000000005
16549,4034.8999999999996
13815,4027.3599999999997
15514,4023.72
17940,4020.0400000000004
12957,4017.54
12867,4009.3400000000006
12378,4008.62
16186,4006.9399999999996
12841,3991.58
17001,3989.5699999999997
15416,3984.32
12779,3981.3599999999997
12727,3980.7000000000003
14547,3974.75
14299,3965.62
13523,3964.88
15529,3962.599999999999
17611,3961.1199999999994
13183,3957.78
17769,3957.43
17651,3945.0
12473,3928.0499999999997
17593,3923.86
14739,3902.2799999999997
13999,3901.8100000000004
14291,3883.250000000001
15195,3861.0
18073,3859.8199999999997
12662,3849.78
16717,3843.08
13266,3834.2599999999993
17091,3827.7600000000007
16327,3820.2700000000004
12755,3811.95
12597,3811.2200000000003
15867,3810.1399999999994
13435,3809.8900000000003
12668,3807.1499999999996
16145,3799.49
16655,3789.5200000000004
16168,3787.6
16019,3786.2400000000007
12562,3781.74
17173,3766.6
13124,3756.329999999999
12429,3750.400000000001
14145,3742.2
13552,3740.0699999999997
16570,3738.3999999999996
12502,3723.87
12647,3722.8199999999993
13680,3719.1200000000003
17238,3719.099999999999
16240,3718.7999999999997
14364,3717.3500000000004
15845,3711.7700000000004
15622,3709.56
17819,3704.87
15379,3703.29
14282,3701.4400000000005
12553,3692.2800000000007
16253,3683.8599999999997
13148,3683.2599999999998
15581,3675.77
15296,3672.8599999999997
16904,3653.75
15808,3651.27
12417,3649.0999999999995
13426,3641.3200000000006
12619,3641.24
16440,3640.6699999999996
13381,3639.31
17230,3638.4100000000003
17528,3628.5000000000005
13327,3627.77
13520,3624.35
13082,3613.63
18079,3613.15
16712,3611.31
15505,3610.96
13137,3603.2900000000004
14543,3599.73
15484,3590.4100000000003
14132,3586.0299999999993
16242,3579.8600000000006
17576,3564.83
14040,3560.3199999999993
17203,3560.08
17491,3558.8700000000003
15544,3546.7099999999996
14503,3543.26
12370,3541.9399999999996
13448,3534.6899999999996
12454,3528.34
17160,3518.0299999999997
13953,3515.68
15113,3509.4299999999994
16131,3506.5400000000004
13334,3502.32
14907,3501.1000000000004
16458,3482.7400000000007
14395,3479.9099999999994
13993,3466.3600000000006
13014,3466.28
15410,3450.84
16360,3450.4099999999994
15129,3447.4
13536,3444.3900000000003
15974,3442.1499999999996
17725,3439.08
15676,3435.7599999999998
14221,3432.8
12406,3415.3
15981,3408.48
17758,3408.2000000000003
13437,3408.0600000000004
17669,3406.7200000000003
13198,3401.2400000000002
15228,3386.7099999999996
13842,3385.62
16011,3352.96
14227,3350.9600000000005
16818,3349.5699999999993
16607,3347.71
17183,3347.31
12643,3344.6400000000003
12613,3344.3800000000006
13015,3339.6400000000003
12594,3338.22
16556,3313.79
13373,3312.25
14841,3295.76
15632,3285.3099999999995
12480,3281.63
15764,3279.97
17723,3276.4
14702,3251.79
13952,3251.071
13047,3237.5400000000004
15708,3235.25
14175,3222.3
13880,3219.77
15443,3213.5899999999997
14388,3212.84
16107,3204.16
13868,3192.54
13758,3190.55
14844,3189.8100000000004
17220,3187.5499999999997
17050,3185.64
12456,3181.0399999999995
17672,3178.1699999999996
13268,3174.7500000000005
16837,3170.98
16041,3166.4
17863,3160.0
15065,3158.13
17685,3155.83
15861,3146.919999999999
14235,3144.86
17231,3124.72
13685,3119.4399999999996
16678,3109.99
13742,3107.87
14099,3104.17
15491,3100.09
14257,3099.7200000000003
14565,3099.1200000000003
13135,3096.0
16156,3092.04
13362,3090.7400000000002
16218,3084.6800000000003
13869,3083.65
17059,3080.39
15998,3080.2200000000003
18272,3078.58
12910,3075.04
13631,3070.42
16940,3049.88
16393,3040.96
16326,3039.2199999999993
17799,3039.1699999999996
16905,3037.6
16709,3029.87
12598,3023.0800000000004
12395,3018.63
18094,3017.3000000000006
14456,3017.279999999999
12754,3010.74
15521,3000.2
17659,2999.4599999999996
17504,2997.0300000000007
12670,2996.0499999999997
14307,2995.7200000000003
15687,2993.1000000000004
14639,2984.4900000000002
14032,2975.59
15854,2969.1200000000003
16497,2965.6900000000005
17924,2962.5
16686,2959.8799999999997
14868,2953.5899999999997
12916,2944.95
17444,2940.040000000001
16316,2938.91
17512,2924.99
15606,2920.16
12906,2919.8100000000004
14112,2915.15
12438,2906.85
13451,2898.2599999999998
17644,2895.6400000000003
18144,2888.7499999999995
12408,2888.5499999999997
13735,2883.54
16633,2883.1
14251,2879.7000000000003
17728,2876.0099999999993
14005,2874.72
15628,2870.2400000000002
13901,2867.2
12685,2863.08
14530,2862.1099999999997
18145,2861.55
14535,2854.8399999999997
14711,2839.6199999999994
14852,2836.69
14842,2824.6899999999996
16928,2814.7000000000003
16871,2812.34
12356,2811.43
18230,2810.2
17596,2806.6899999999996
14572,2804.54
16081,2799.419999999999
13769,2796.5100000000007
14903,2795.33
12578,2794.51
12758,2791.59
17739,2791.3500000000004
14626,2791.27
16764,2790.9499999999985
17213,2781.2299999999996
12388,2780.6600000000003
15984,2780.6299999999997
14121,2780.15
15993,2777.6699999999996
13870,2770.94
15114,2760.5599999999995
13971,2758.2599999999998
13230,2755.629999999999
15321,2748.3100000000004
17084,2747.9900000000002
12669,2744.0299999999997
13174,2742.8199999999997
14854,2740.0299999999997
16003,2735.37
12840,2726.77
15673,2726.23
12380,2724.8099999999995
17838,2720.8
14125,2720.63
14808,2718.6
15356,2718.0299999999997
12708,2712.9100000000003
16938,2711.6800000000003
15696,2711.1099999999997
17069,2709.7000000000003
13285,2709.12
15796,2708.6099999999997
13654,2707.33
14107,2703.2299999999996
14732,2702.49
17386,2686.42
12625,2683.8200000000006
13883,2674.48
18097,2662.3999999999996
14713,2662.2
12360,2662.06
14439,2661.2400000000002
15671,2657.13
12721,2656.13
13851,2651.4600000000005
16618,2647.5899999999997
13658,2639.1700000000005
17655,2638.9400000000005
13771,2634.4499999999994
12520,2634.26
17402,2633.85
18260,2628.35
15752,2626.6
13422,2626.2999999999997
13644,2624.2600000000007
17346,2622.879999999999
18210,2621.38
16255,2619.9099999999994
14262,2618.2300000000005
13021,2616.38
15782,2614.74
14397,2612.9599999999996
18075,2611.75
12836,2610.36
12726,2609.1
13136,2607.6099999999997
13983,2603.4300000000003
17317,2600.34
17965,2599.1899999999996
12600,2599.04
14408,2599.03
13895,2593.07
16919,2592.25
16241,2590.3099999999995
14243,2588.77
13804,2588.3900000000003
18077,2584.41
13911,2580.91
14546,2573.929999999999
18245,2567.0600000000004
15485,2564.5
16308,2560.0
15033,2557.1799999999994
16912,2555.5800000000004
14334,2552.21
14676,2548.24
14776,2538.2999999999997
17700,2534.64
15572,2533.4200000000005
14659,2529.9299999999994
17314,2527.92
14701,2526.09
13394,2520.0200000000004
17449,2519.2099999999996
15245,2515.84
13344,2511.69
12352,2506.04
13695,2504.13
13471,2501.8399999999997
15932,2495.8700000000003
16477,2494.46
15271,2493.3399999999997
12483,2484.98
12913,2483.63
12517,2481.6000000000004
14315,2481.1299999999997
13507,2479.16
13588,2478.9500000000003
17682,2474.3300000000004
17188,2474.2300000000005
14766,2473.3700000000003
16710,2467.9900000000002
17164,2467.35
12455,2466.8599999999997
17131,2463.17
15750,2463.05
13784,2462.79
13975,2461.24
15674,2446.6
14163,2445.9100000000003
14502,2429.829999999999
17071,2429.0299999999997
15527,2428.5299999999997
13949,2427.32
16143,2424.94
17722,2424.0400000000004
15089,2420.8399999999997
15373,2415.91
12397,2409.8999999999996
17589,2404.17
15980,2398.8599999999997
18065,2392.8300000000004
13141,2388.75
15370,2386.0499999999997
14493,2383.2400000000002
14239,2380.85
15270,2379.49
13722,2375.41
17434,2373.82
13908,2369.55
17530,2367.12
15755,2364.25
12457,2363.23
14930,2362.96
14030,2358.8399999999997
17634,2358.5899999999997
14440,2357.6800000000003
15140,2354.25
14309,2352.5300000000007
12704,2340.84
18259,2338.6000000000004
12584,2338.15
18257,2337.63
15281,2332.15
12782,2330.9199999999996
15785,2328.97
17313,2328.84
17744,2322.4
17211,2317.22
14290,2314.6500000000005
15365,2314.32
17954,2314.1299999999997
13704,2308.06
15288,2306.5200000000004
16550,2298.9700000000003
15105,2298.93
13115,2294.7799999999997
15704,2293.62
12615,2291.19
17696,2285.7099999999996
12684,2283.63
14554,2279.49
13994,2274.1399999999994
13317,2273.68
14466,2272.4
16782,2267.95
16057,2263.12
16209,2262.62
16293,2248.9900000000002
13700,2248.6299999999997
17442,2248.5600000000004
14432,2248.5
15235,2247.5099999999998
16735,2247.41
16771,2242.6099999999997
13527,2242.3600000000006
14211,2241.1
14560,2237.77
16076,2234.73
18242,2232.49
12783,2225.91
13365,2225.37
15834,2225.15
15665,2222.21
14825,2221.0100000000007
15811,2218.6200000000003
12876,2218.02
14226,2214.79
16743,2213.13
15722,2211.21
12653,2209.85
13862,2209.36
15797,2207.4
15179,2206.95
17591,2203.67
15123,2199.3100000000004
13831,2198.45
14700,2195.1000000000004
16628,2188.05
17406,2184.42
15394,2183.5400000000004
12909,2178.67
12856,2170.7799999999997
12501,2169.3900000000003
14341,2166.98
12633,2163.98
12935,2160.7
16456,2158.1800000000003
14407,2157.73
16379,2157.4
13224,2155.9500000000003
16966,2154.97
17272,2148.63
14828,2139.76
12560,2134.0099999999998
13517,2128.42
18061,2119.4100000000003
13632,2118.93
14360,2118.03
18008,2116.19
14691,2114.33
13755,2108.0599999999995
14640,2107.3800000000006
18173,2106.84
18093,2106.5200000000004
14461,2103.06
15058,2102.54
15815,2100.6
13126,2099.6400000000003
12610,2099.54
17861,2097.88
17400,2097.84
16875,2095.5299999999997
17191,2093.6800000000003
14306,2093.32
13265,2092.66
17490,2092.3199999999997
13297,2089.85
13571,2088.9399999999996
18044,2088.6000000000004
14810,2085.33
16954,2085.08
17768,2081.8999999999996
16407,2079.68
14696,2078.9500000000003
14515,2076.89
14209,2073.43
18241,2073.0899999999997
18231,2071.77
18219,2069.77
12948,2064.9500000000003
12928,2062.7
16281,2062.06
14409,2059.4500000000003
12518,2056.8900000000003
17667,2055.51
14188,2054.36
16150,2053.0200000000004
17086,2050.0800000000004
17612,2048.4500000000003
14232,2048.07
18283,2045.53
13495,2044.8699999999997
17597,2044.37
13450,2043.7199999999996
14001,2043.08
12585,2040.1
17846,2033.1
13630,2031.78
16358,2027.5
16409,2022.9799999999996
14482,2022.81
15341,2020.52
17625,2020.4
13593,2011.8800000000003
18069,2009.24
15372,2007.4
16098,2005.6299999999999
14217,2004.9800000000002
14544,2004.3000000000002
17082,2003.85
16754,2002.4
18188,2001.04
13305,2000.8600000000001
16698,1998.0
17679,1992.1100000000001
17088,1991.0100000000002
17827,1987.3300000000002
13590,1981.9200000000003
17337,1981.0599999999995
14462,1980.5700000000002
13725,1980.5600000000002
17422,1979.3700000000003
18204,1975.35
17090,1974.6499999999999
15531,1972.39
16341,1971.87
12674,1970.6
17790,1964.3
17997,1962.4599999999998
13246,1961.52
14506,1960.6499999999996
14498,1957.3200000000004
12853,1957.1000000000001
15493,1953.4099999999994
17554,1952.4499999999998
17218,1951.9700000000003
14533,1949.72
15814,1945.3300000000002
14418,1937.2499999999998
15864,1936.32
15157,1936.0700000000002
15351,1934.6599999999999
12528,1933.4799999999998
14655,1932.2300000000002
13094,1927.3200000000002
14653,1926.65
15518,1921.5500000000002
14978,1921.3699999999994
14285,1910.0099999999998
17228,1906.09
16983,1905.8700000000001
14210,1905.8400000000001
15819,1905.4500000000003
16942,1904.9899999999998
14250,1904.05
12762,1898.5199999999998
14730,1897.5699999999995
14934,1890.9399999999998
12371,1887.96
15641,1887.2
16170,1885.0500000000002
13890,1883.81
16128,1880.2199999999998
17738,1879.05
17368,1878.8700000000001
15367,1877.5900000000001
17463,1875.86
16986,1873.2
13982,1871.8100000000002
15021,1871.7699999999995
17469,1870.97
16841,1869.82
17870,1865.8900000000003
16426,1863.76
16201,1863.47
14887,1862.0
12423,1859.31
14305,1858.9600000000003
12963,1856.6300000000003
17293,1854.06
14472,1852.6699999999998
16979,1851.9999999999998
12383,1850.5599999999997
17873,1848.96
12381,1845.31
17519,1844.02
14524,1843.8299999999997
18180,1843.7499999999998
12950,1843.0
16102,1842.1399999999999
16455,1841.1799999999998
14113,1840.4199999999998
14216,1839.3
13924,1838.8500000000001
17015,1838.61
14459,1837.92
18287,1837.2800000000002
13650,1836.3400000000001
15827,1836.0899999999997
14665,1835.7
13421,1833.71
16152,1829.04
15203,1827.8000000000002
17702,1824.37
16153,1824.23
17705,1823.52
16169,1822.9700000000003
17828,1820.0899999999997
13048,1819.41
17787,1817.54
17629,1814.1200000000003
15260,1810.77
16474,1810.6499999999999
13481,1804.5600000000002
17663,1802.9099999999999
15812,1801.1399999999999
16249,1800.07
13562,1799.3300000000002
13196,1797.7800000000002
17648,1797.5
12348,1797.24
18235,1796.48
13134,1793.58
18179,1793.17
18122,1793.06
13510,1791.5600000000002
12523,1789.77
14215,1789.72
14621,1788.3600000000001
13875,1786.7899999999997
14608,1785.1499999999999
14935,1784.71
15220,1778.9600000000003
12645,1775.1800000000003
17092,1774.03
15594,1771.7799999999997
15473,1771.2
16681,1770.34
16719,1770.22
13456,1766.7200000000003
16751,1764.7199999999998
12424,1760.9600000000003
12823,1759.5
12349,1757.55
15241,1756.4400000000003
16359,1750.9200000000003
13808,1747.6599999999999
15067,1744.76
15950,1744.7099999999998
16380,1743.15
13157,1741.22
14595,1740.6
17930,1740.48
17353,1740.0
17457,1737.7
15050,1737.69
14673,1736.4000000000003
17043,1735.1799999999998
14387,1727.6
13564,1724.67
17451,1721.4
14834,1720.3000000000002
15267,1717.3600000000001
17162,1715.4599999999998
13763,1714.96
17147,1714.59
14441,1712.89
17750,1710.4500000000003
12405,1710.3899999999999
15947,1708.24
12407,1708.1200000000001
16902,1706.8799999999999
15240,1706.5700000000002
16398,1705.8000000000002
16791,1705.78
12843,1702.2600000000002
17193,1699.3000000000002
13824,1698.94
17813,1698.0699999999995
12764,1693.8799999999999
16007,1693.8099999999997
14245,1693.45
16671,1692.27
16775,1691.51
15380,1690.2600000000002
17152,1689.5
12635,1689.18
13162,1688.2900000000002
13577,1687.6
17282,1685.4599999999998
15549,1681.46
16638,1680.72
13149,1676.0600000000002
17656,1674.69
13184,1668.9500000000003
17754,1664.65
12912,1662.3000000000002
12530,1662.2800000000002
15214,1661.44
15332,1661.06
12967,1660.9
16115,1660.8799999999997
14045,1659.75
15953,1657.28
15826,1654.3100000000002
16813,1652.18
16711,1651.03
14837,1649.5
13647,1648.12
17284,1647.4799999999996
13750,1647.2600000000002
13012,1646.84
12657,1643.1799999999998
15002,1641.7600000000002
14573,1639.8200000000002
13627,1638.4699999999998
15024,1636.4299999999998
12398,1635.6599999999999
15122,1633.78
14164,1631.77
12377,1628.12
14759,1625.97
13425,1624.2099999999998
16515,1624.14
15172,1624.05
14937,1621.8799999999999
17101,1621.73
18161,1618.69
16987,1616.8000000000002
14336,1614.9099999999999
16992,1614.31
15791,1612.6900000000003
14312,1611.5900000000001
14918,1610.15
12868,1607.0600000000002
16817,1604.7499999999998
12947,1603.9899999999998
15660,1600.8600000000001
14178,1600.26
16496,1599.5199999999998
16466,1595.96
13850,1595.4799999999998
17673,1594.97
16801,1594.23
16676,1592.1200000000001
14970,1592.0599999999997
15611,1591.4499999999998
18178,1590.81
14442,1589.82
13614,1585.4600000000003
16332,1582.7999999999997
12393,1582.6
14719,1581.84
14587,1580.29
12607,1579.5099999999998
13814,1579.12
16889,1578.67
13186,1575.8899999999999
17671,1572.71
16283,1570.81
12865,1568.23
15906,1567.69
15111,1567.48
15532,1564.73
17204,1564.56
13659,1563.0
17085,1562.4
18239,1561.6100000000001
14038,1560.3799999999999
16394,1555.3400000000001
13313,1555.32
15620,1553.18
15117,1551.78
13634,1547.3600000000001
14229,1547.2
16790,1545.6200000000001
16369,1545.4099999999999
13397,1544.1299999999999
12818,1542.0800000000002
17837,1541.23
16365,1540.42
17159,1538.8799999999997
13849,1537.9499999999998
12877,1535.7700000000002
15392,1535.5299999999997
15625,1534.26
13320,1532.1999999999998
13107,1531.6200000000001
12759,1531.44
14321,1530.75
14567,1530.3600000000001
15701,1529.0
16244,1522.75
16066,1521.0399999999997
13213,1520.58
13764,1519.4200000000003
14267,1516.2400000000002
13791,1516.0
16748,1515.8999999999999
16053,1511.9500000000003
16434,1511.8
16910,1508.96
15265,1506.12
12937,1504.27
15916,1502.8600000000001
16279,1502.7800000000002
13810,1499.0100000000002
15530,1497.3100000000002
14414,1496.98
14704,1493.96
17002,1493.7300000000002
16880,1491.4299999999998
15057,1489.5
13110,1488.6699999999998
13692,1488.32
17553,1487.6
14758,1484.06
16395,1482.06
18016,1477.66
14878,1476.0900000000001
14403,1475.81
16755,1475.43
12826,1474.7199999999998
14246,1474.0600000000002
14963,1472.34
15128,1471.0
17590,1468.0200000000002
16016,1465.5099999999998
14875,1465.3199999999997
15983,1465.12
12882,1463.04
14233,1462.7200000000003
17063,1461.14
16996,1456.96
13309,1456.7900000000002
13477,1454.58
14541,1453.3500000000001
16059,1453.1599999999999
14404,1449.32
14740,1448.2099999999998
17073,1446.0899999999997
13717,1445.0100000000002
13461,1445.0
17175,1443.69
14071,1437.57
15987,1432.77
14566,1432.0
16503,1431.93
13475,1431.78
15427,1430.5400000000002
16103,1429.64
13159,1429.35
14035,1428.02
15858,1427.57
15681,1426.1600000000003
17571,1425.6699999999998
15106,1422.5199999999998
16463,1422.4
16571,1421.69
14019,1421.61
14901,1421.29
14443,1420.1999999999998
16173,1418.32
17856,1418.0300000000002
17288,1417.63
14748,1415.75
16348,1415.65
16012,1415.29
16245,1413.6600000000003
15237,1412.32
15444,1411.2100000000003
15596,1406.5899999999997
17083,1405.7800000000002
16271,1404.6399999999999
15426,1404.07
18116,1403.1099999999997
14649,1402.59
15563,1400.4399999999998
14741,1400.3400000000001
15478,1399.92
18202,1396.99
13995,1393.69
17354,1393.06
15810,1391.98
13414,1390.5
13516,1389.4099999999999
16539,1388.8099999999997
15134,1387.99
12952,1387.79
12775,1386.0400000000002
13308,1385.51
18167,1384.8600000000001
17311,1384.8499999999997
13572,1384.2500000000002
15898,1383.83
15051,1383.36
14116,1382.74
16389,1382.07
17621,1379.8999999999999
12886,1378.4
15569,1375.7099999999998
14434,1372.8
15453,1371.77
17676,1371.18
15095,1370.6
14507,1367.88
13813,1366.8600000000001
14897,1366.38
13396,1360.99
16726,1358.74
17054,1356.33
14859,1353.7399999999998
15116,1352.75
16079,1352.0
16493,1351.63
12770,1351.4499999999998
15411,1348.93
16669,1348.88
12646,1346.97
14154,1345.62
15398,1345.53
12463,1344.7800000000002
16317,1341.65
13743,1341.5999999999997
18177,1340.8700000000001
16045,1340.6999999999998
13501,1340.3200000000002
15734,1339.4499999999998
12620,1339.4100000000003
15059,1337.7199999999998
17372,1337.18
12919,1335.19
14064,1334.34
15680,1333.6799999999998
17932,1331.57
12676,1331.39
16295,1328.55
13232,1328.35
15146,1327.1599999999999
17633,1324.8399999999997
17095,1324.16
16110,1320.9499999999998
14591,1320.21
14794,1319.91
16083,1317.62
12526,1316.66
12854,1316.25
14921,1316.07
12576,1315.83
14511,1314.81
14738,1314.4500000000003
14973,1314.45
16040,1313.5499999999997
12364,1313.1
17004,1312.14
12516,1312.06
14477,1309.6
16120,1309.14
14047,1308.6100000000001
13328,1308.48
14297,1305.3300000000002
12507,1304.81
17919,1304.04
15813,1303.9099999999999
16370,1301.9099999999999
15108,1300.25
13168,1299.59
12488,1298.66
16464,1298.6599999999999
12372,1298.04
15602,1297.87
17961,1296.4399999999996
16929,1295.3899999999999
16224,1295.3
15621,1293.03
16744,1291.91
16101,1290.6999999999998
14856,1290.53
15171,1289.5
15136,1286.7
16949,1286.27
17802,1285.04
17350,1281.32
13538,1280.85
15494,1280.5799999999997
16951,1277.75
16692,1276.0
12394,1272.48
13878,1271.5699999999997
16899,1271.06
12630,1270.88
13492,1269.8400000000001
14898,1269.3099999999997
13431,1269.1
14916,1268.98
15199,1268.6999999999998
16660,1267.65
17037,1267.3200000000002
17158,1266.97
14105,1266.23
13989,1266.08
16842,1264.19
15497,1262.1999999999998
16688,1260.8600000000001
17388,1259.56
15009,1259.43
14669,1259.2399999999998
17019,1258.08
17412,1258.06
13151,1257.8700000000001
14931,1257.6799999999998
16639,1257.5100000000002
17481,1255.59
13848,1255.0
17262,1253.3600000000001
14383,1247.69
12689,1247.61
13029,1247.5
12494,1246.1
13860,1245.9
16531,1244.5900000000001
17584,1242.3
17588,1240.1999999999998
17731,1240.1100000000001
12985,1239.38
13476,1238.4699999999998
14893,1237.8500000000001
13931,1237.5300000000002
15201,1236.54
18080,1231.5
18171,1231.31
15910,1228.8799999999999
14913,1227.43
12997,1226.89
12412,1226.8799999999999
15841,1224.0600000000002
14428,1224.0600000000002
15376,1221.56
15004,1220.77
14745,1220.2599999999998
15227,1219.3999999999999
13208,1217.6499999999999
14698,1217.27
13491,1215.8200000000002
17410,1214.72
13055,1214.4099999999999
17774,1213.73
18263,1213.16
13918,1212.8400000000001
16653,1212.66
12464,1212.0500000000002
17653,1207.56
16762,1207.24
14684,1201.5099999999998
13158,1201.06
17320,1200.62
15605,1198.23
13118,1197.8100000000002
16794,1196.5
17720,1195.94
17526,1195.8999999999999
15145,1194.7300000000002
12611,1193.32
13882,1191.1299999999999
12462,1189.5900000000001
15737,1188.1200000000001
16612,1187.66
17800,1187.21
15630,1186.35
17058,1179.8899999999999
16950,1178.56
16042,1177.4700000000003
13752,1175.3799999999999
12885,1175.22
12640,1174.58
15306,1174.3500000000001
14857,1173.1200000000001
12358,1168.0600000000002
13500,1166.7699999999998
14487,1165.48
14737,1164.55
14261,1163.4499999999998
14447,1163.23
16800,1162.65
12546,1161.5
15088,1160.07
18168,1160.04
13499,1159.1100000000001
16184,1158.79
17867,1157.8700000000001
17348,1156.6000000000001
16637,1154.47
13611,1154.4
16062,1153.6200000000001
12710,1149.02
17505,1145.8400000000001
16766,1145.6
12769,1143.6
17770,1143.27
15985,1142.42
16270,1141.24
13330,1140.93
13819,1140.35
16172,1140.21
17135,1139.73
17500,1138.0
17302,1135.63
17242,1135.04
15489,1134.28
16989,1133.25
13282,1132.14
13310,1132.03
18125,1131.75
15500,1131.56
13447,1129.14
16714,1129.0600000000002
14824,1127.71
12609,1126.85
14708,1126.37
17470,1125.0700000000002
14129,1123.8600000000001
13772,1122.63
13486,1122.4100000000003
17562,1122.3799999999999
14723,1122.3600000000001
16807,1121.5900000000001
16086,1121.39
15730,1120.88
14276,1119.74
12842,1118.99
17894,1118.96
17788,1117.9
13591,1117.1299999999999
17585,1116.68
16350,1116.47
12679,1113.02
14817,1110.34
15069,1109.53
12399,1108.6499999999999
15933,1107.4599999999998
16833,1106.53
12857,1106.3999999999999
14102,1105.8799999999999
17609,1105.7800000000002
13064,1105.5900000000004
14948,1101.9700000000003
15716,1101.1100000000001
17047,1100.9
14410,1100.2699999999998
14744,1099.98
15978,1098.7800000000002
13104,1098.48
17966,1098.43
14971,1097.98
14161,1097.62
16225,1096.3200000000002
13211,1095.4199999999998
13652,1095.08
15745,1094.5900000000001
15608,1093.68
18189,1090.2400000000002
13853,1090.1399999999999
12534,1089.18
15763,1086.9199999999998
16533,1082.8100000000002
13610,1082.33
14561,1080.76
13744,1080.52
13726,1079.6599999999999
15197,1079.6100000000001
12354,1079.3999999999999
14352,1078.96
16094,1078.23
16563,1077.74
13715,1077.39
16049,1074.8100000000002
13131,1073.3000000000002
15712,1072.3600000000001
15238,1071.99
13467,1071.91
13521,1071.7300000000002
17041,1071.49
13635,1071.03
17522,1070.71
13761,1070.65
14212,1070.48
16200,1068.8700000000001
16918,1068.8200000000002
15436,1067.75
15027,1066.15
17277,1065.3500000000001
14488,1064.28
12951,1064.0700000000002
15801,1063.95
12936,1063.8999999999999
12815,1063.46
14411,1063.0
16214,1062.75
15706,1060.56
17727,1060.25
18130,1059.3899999999999
17214,1059.1200000000001
13455,1058.34
15977,1054.73
12716,1053.49
14419,1051.7900000000002
16416,1051.4
15329,1049.7
14078,1049.3700000000001
17287,1049.06
15839,1048.49
16728,1048.28
15777,1047.11
15407,1046.74
16520,1046.5700000000002
14293,1046.56
15464,1044.6499999999999
15192,1044.3200000000002
14389,1043.46
15073,1043.41
12497,1043.1
13719,1041.68
18221,1041.61
15434,1041.48
16320,1038.46
14465,1038.4399999999998
16175,1037.59
17042,1036.58
12691,1035.8000000000002
16260,1035.45
13639,1033.34
14584,1033.06
17724,1033.0
15996,1032.58
12599,1032.58
17405,1031.41
12724,1031.4099999999999
13235,1031.07
12717,1030.98
13253,1030.3999999999999
17033,1030.1399999999999
15333,1028.56
16980,1028.4599999999998
16682,1028.0
16160,1025.44
14904,1025.4399999999998
15658,1024.1000000000001
17096,1022.1300000000001
14346,1021.58
13165,1021.48
12572,1020.4199999999998
13376,1019.7600000000001
18142,1019.52
13956,1019.27
12828,1018.71
12514,1017.6800000000001
13728,1016.14
12642,1013.2600000000001
12739,1013.04
17197,1013.0099999999999
14195,1012.0
14775,1011.9
16229,1010.6000000000001
14446,1010.3499999999999
12849,1010.2899999999998
13032,1010.1800000000001
14224,1009.73
16572,1009.6000000000001
16174,1009.55
17951,1008.54
17646,1008.3900000000001
14631,1006.98
13429,1006.8000000000001
13867,1005.09
14214,1004.3800000000001
13410,1003.0600000000001
14083,1002.8999999999999
12446,1002.3100000000001
12545,1000.3900000000001
15508,1000.2700000000001
18143,1000.16
12722,997.63
15110,996.1000000000001
15104,993.54
17594,993.1800000000001
13363,992.5
14223,991.13
16232,990.88
14514,990.2
17126,989.4499999999999
15062,987.86
18237,987.0999999999999
14583,986.9599999999998
17324,986.4799999999999
13117,984.91
17144,984.5699999999999
12510,982.5699999999999
15133,982.42
15071,982.0699999999999
16188,981.8599999999999
16085,981.51
12541,981.18
18170,980.31
13509,979.72
13350,979.12
15132,977.9300000000001
14920,977.77
13026,975.3599999999999
16376,974.96
14522,974.54
15449,974.52
12994,974.4200000000001
18194,973.8399999999999
16009,972.1099999999999
15506,972.0799999999999
13155,971.7600000000001
17100,971.74
14256,969.06
14138,965.88
15793,965.61
15860,965.16
12550,964.8299999999999
13138,962.3899999999999
14006,962.19
15156,961.49
16419,958.71
18192,957.9699999999999
13823,957.66
12697,957.5900000000001
14629,955.26
15948,955.24
17244,954.9
17097,954.4200000000002
15835,954.09
14540,952.6600000000001
15421,950.3600000000001
13636,949.1200000000001
12822,948.8799999999999
17044,948.48
13748,948.25
12458,947.4000000000001
15747,946.64
13261,944.1
12820,942.3399999999999
14075,942.26
15289,939.7800000000001
17527,939.3699999999999
17227,939.3200000000002
16584,936.0799999999999
14140,935.05
16027,934.6200000000001
12924,933.7
15787,933.26
13655,932.9699999999999
14532,932.8500000000001
18133,931.4999999999999
16934,931.03
17289,931.02
17552,930.4100000000001
17618,930.28
16907,928.76
14475,925.8500000000001
14231,925.71
17048,925.3500000000001
15312,924.8499999999999
13805,924.6
15654,922.53
13122,922.3899999999999
16551,922.1200000000001
13934,922.1
13035,921.8799999999999
14081,921.62
15576,921.37
13984,920.51
17018,920.1
12652,919.9800000000001
13075,919.61
16511,918.33
13549,918.2
15253,918.1999999999999
14015,917.3399999999999
14712,917.07
15707,916.9799999999999
17236,916.1300000000001
14141,915.1299999999999
16216,914.9300000000001
16809,914.6900000000002
15587,913.6800000000001
15364,913.19
14359,912.18
13192,911.94
14289,911.26
13689,910.0
13782,908.86
13038,908.46
17323,906.52
15480,905.5
15807,903.9
16716,901.2
17848,901.1999999999999
15511,900.53
12940,899.69
14625,899.6299999999999
15079,895.6100000000001
15865,895.1300000000001
15211,894.4100000000001
15066,893.5900000000001
12772,892.47
16361,891.21
13515,891.12
15255,890.85
14240,890.3400000000001
14344,889.9300000000002
17007,889.9300000000001
17829,889.24
17537,887.6700000000001
16900,887.11
14623,886.7
14449,885.8
15822,885.4699999999999
17704,885.19
15799,884.14
15907,882.72
18236,882.2400000000001
17109,881.29
13662,881.2600000000001
13037,881.07
15076,880.85
17027,877.56
15653,877.4399999999999
14770,876.4200000000001
15100,875.9999999999999
16513,874.5899999999999
16657,874.4300000000001
13294,873.74
15208,870.1199999999999
13200,870.09
13979,869.87
17566,869.7700000000001
12694,869.67
13203,869.4599999999999
17886,869.28
17649,868.49
14912,867.85
14715,867.38
16235,867.31
14597,866.24
16567,865.5999999999999
13846,865.06
12680,862.81
16266,861.8900000000001
16221,860.8600000000001
12794,860.41
13339,860.1199999999999
14577,859.71
14553,859.2700000000001
13566,856.84
16163,856.6000000000001
12693,855.9100000000001
17064,855.45
16037,855.02
12878,854.99
17560,854.95
16121,854.6600000000001
14193,853.39
13991,852.88
15022,852.3899999999999
12379,852.24
16070,852.1500000000001
16020,851.0099999999999
18096,849.0600000000002
12713,848.5500000000001
14657,848.2200000000001
16347,847.45
13221,847.41
16877,846.62
14803,845.55
12847,843.6399999999999
17624,843.4799999999999
17929,843.0
13929,842.6500000000001
16108,842.4999999999999
16560,841.41
14862,841.2
17076,841.08
14332,840.21
13940,839.1400000000002
17115,837.5
16554,837.0999999999999
15832,836.7900000000001
12728,836.33
16747,836.0600000000001
17169,835.78
13835,834.5699999999998
17075,834.1200000000001
16644,833.78
15862,832.8800000000001
14644,830.76
16924,829.8899999999999
13681,827.83
12461,826.8800000000001
12781,826.74
16494,826.53
12427,825.8000000000001
15164,824.58
16164,822.48
12778,822.23
13893,821.1000000000001
17921,820.23
17759,819.96
13220,819.2900000000002
16092,817.86
16869,817.12
16943,816.73
15649,816.0
15399,815.77
13811,814.5
18064,814.0
16600,813.52
16621,813.4800000000001
14421,813.1100000000001
16284,812.6800000000002
17980,811.45
16460,811.23
16276,810.6000000000001
16624,810.57
15965,808.8700000000001
14499,808.4399999999999
15533,807.57
12421,807.0400000000001
13707,806.41
12434,806.1400000000001
13637,804.3
18248,804.02
12422,803.56
15644,803.54
18265,801.51
17114,801.12
16367,800.67
15561,800.5899999999999
13720,799.9
17905,798.9899999999999
17703,798.74
13280,798.4599999999999
16438,798.35
13389,797.9599999999999
12701,797.71
13336,795.12
15831,794.64
15990,792.11
13167,791.33
14976,790.86
13016,789.89
16759,789.79
13329,789.0
14557,788.38
13323,787.85
13884,787.6
16546,787.1500000000001
13212,786.83
13109,786.54
12628,786.46
15806,784.5799999999999
18136,784.33
17180,783.9699999999999
16054,783.9
15952,781.9100000000001
17006,781.78
15679,781.28
13583,781.03
15239,780.59
17797,780.4300000000001
18228,779.9000000000001
12735,779.5699999999999
17411,778.9399999999999
13375,778.65
14815,778.5
17414,778.0
16505,777.6
13563,777.53
12425,777.2
15618,776.851
15743,775.96
13314,775.9399999999999
13341,775.8499999999999
16825,775.1799999999998
15414,774.9000000000001
16043,773.99
16222,773.55
15075,773.03
17764,772.55
17409,771.85
15353,770.12
14412,770.03
12965,769.8100000000001
16480,769.29
13356,768.24
14672,765.55
17695,765.34
14885,765.3199999999999
17516,764.8799999999999
17268,763.64
17466,763.2800000000001
16806,762.1600000000001
15599,761.7399999999999
14883,761.5899999999999
17425,759.17
16036,758.92
15568,758.2900000000001
16725,758.27
12413,758.1000000000001
16205,757.63
14550,757.37
16770,757.1000000000001
15223,755.7499999999999
13370,754.87
18104,754.64
14234,754.1199999999999
16470,752.77
13730,752.5999999999999
13030,752.44
16256,752.43
12908,750.0
17146,749.78
14923,749.1
15656,748.5
16859,747.8100000000001
14201,747.44
17387,746.81
14050,746.36
17034,745.52
13950,745.0600000000001
14790,745.0600000000001
13236,744.85
13354,743.53
16730,743.1100000000001
12374,742.9300000000001
16891,742.4300000000001
12465,742.19
14662,741.3699999999999
13753,741.26
13900,740.95
17692,740.94
15252,740.78
12603,739.1999999999999
14756,738.9599999999999
12976,738.5999999999999
17461,735.82
15074,735.67
15045,735.6600000000001
15215,734.94
15525,734.37
16146,734.13
17979,732.4100000000001
13575,732.07
16099,731.9
16491,731.5
14778,730.8600000000001
13736,729.8000000000001
12468,729.54
16261,728.5400000000002
17666,728.1600000000001
13077,728.0200000000001
13623,727.74
14055,725.6400000000001
16140,725.18
12723,725.0700000000002
15636,724.76
12475,723.38
17521,723.21
15272,721.9400000000002
14869,721.4499999999999
15584,720.8599999999999
18062,720.52
16023,719.81
15274,716.57
12535,716.35
15400,716.2
17888,716.0000000000001
17029,716.0
15330,714.96
15757,714.4200000000001
18035,713.8899999999999
12616,713.3000000000001
13169,712.88
13147,712.8000000000001
17761,712.78
13416,712.5
13587,712.4
17642,712.29
15855,712.24
13705,711.8600000000001
17179,711.79
13249,711.4100000000001
14867,710.28
16362,709.99
14127,709.71
16136,709.38
15951,708.22
16449,707.69
12453,707.09
16309,706.57
14126,706.1300000000001
16364,705.7900000000001
16882,705.1200000000001
16015,704.5500000000002
17934,704.25
12612,704.0400000000001
17974,703.9900000000001
12883,703.47
15103,703.36
16997,702.0
14179,701.5699999999999
14198,701.3999999999999
14356,701.23
13238,700.7299999999999
17734,700.63
17812,699.8100000000001
17423,698.4099999999999
14829,697.5500000000001
17472,697.5400000000002
15800,696.8900000000001
15700,696.68
14009,695.61
14959,695.42
17884,695.0700000000002
15304,694.4
12925,694.05
15053,693.9499999999999
14643,693.81
12410,693.3299999999999
13601,693.32
14111,692.85
17198,692.22
17733,692.19
14880,690.59
16212,690.3400000000001
17796,690.0
18085,689.95
13023,689.9
15181,689.48
17502,689.1000000000001
13799,688.86
16642,688.33
18196,686.63
12658,686.05
15038,685.74
16122,684.4200000000001
15669,684.3399999999999
17874,683.46
14222,683.1700000000001
15582,682.9100000000001
17341,682.2900000000001
18135,681.9100000000001
17397,681.41
12478,680.99
18082,680.8399999999999
13524,680.1800000000001
16872,680.0200000000001
15322,679.6800000000001
13430,679.45
14788,679.44
13925,678.25
13548,678.1600000000001
13388,677.1
13040,676.9900000000001
16377,676.2
15626,675.8
17462,675.6899999999999
18156,675.6400000000002
15574,675.6400000000001
12942,675.6
13607,675.5100000000001
13325,675.3
17994,674.89
13838,674.82
13355,674.6999999999999
13464,674.68
17749,674.5200000000001
13951,674.4499999999999
14504,673.2600000000001
13258,672.8299999999999
14628,671.9600000000002
12838,671.9500000000002
12638,671.6899999999999
12418,668.58
14342,668.5600000000001
13741,668.4300000000001
16268,667.6500000000001
15969,666.0999999999999
17105,665.78
13963,664.54
17883,664.34
16208,664.26
13596,664.11
15643,664.0
14720,663.8100000000001
13240,663.6500000000001
16573,663.6100000000001
16774,661.52
13028,661.32
14603,660.0
15492,659.4599999999999
13759,659.41
16357,658.8799999999999
14150,658.64
16696,657.9
14818,657.8
17459,657.3
15677,657.23
17321,657.16
16157,656.69
13049,656.68
16708,656.6300000000001
17299,656.61
16127,656.25
14894,655.75
14725,655.5799999999999
16444,654.67
14651,653.75
17398,653.3799999999999
18151,653.3499999999999
13496,653.3299999999999
18121,653.3000000000001
15205,653.2399999999999
15031,653.1900000000002
14548,652.8
17523,652.74
16056,650.75
15571,650.43
16969,650.41
17779,650.32
14034,648.89
16495,648.26
17777,647.5600000000001
17373,646.9200000000001
16014,646.83
16734,646.76
12589,646.68
14044,646.4200000000002
15651,646.3000000000001
14855,645.6500000000001
12719,644.95
17312,644.3
14451,643.9
16383,643.76
14020,642.8
13034,642.77
15384,642.41
17545,642.32
17046,642.02
15297,641.94
18218,641.9200000000001
12365,641.3800000000001
12624,641.1299999999999
13417,640.83
13318,640.7600000000001
12631,640.5
14301,640.1400000000001
15648,639.5
17515,639.02
18160,638.06
14754,638.05
14128,637.5
14481,636.51
14664,636.2399999999999
15829,636.14
15773,635.6800000000001
14000,635.6600000000001
16139,635.4100000000001
13892,632.97
14220,632.4
16306,632.2700000000001
18183,632.07
13822,632.0
14021,631.9
15244,631.57
17985,631.3499999999999
13539,631.34
16418,631.12
17990,630.84
13046,629.3100000000001
13525,628.78
14687,628.38
13518,627.16
15028,627.13
15402,626.7700000000001
14036,626.65
12577,626.6
13914,626.4499999999999
16469,625.4200000000001
16750,623.9300000000001
12649,623.5099999999999
15147,623.5
13368,623.4
16431,623.2800000000001
15258,623.16
17499,622.88
15182,622.8499999999999
17460,622.43
15768,621.83
18217,621.75
16915,621.6800000000001
17640,621.66
14152,621.29
13402,621.23
13546,621.09
16141,620.4000000000001
12667,620.13
13493,618.63
16613,618.59
13145,618.52
12596,618.27
13301,618.0900000000001
16134,618.09
14593,617.15
14377,617.0500000000001
16311,616.26
14905,616.15
14382,615.4899999999999
15275,615.14
16566,614.6600000000001
16116,612.78
18022,612.72
12513,612.29
18149,612.0799999999999
15232,612.06
15645,612.01
16109,611.88
16763,611.8499999999999
13731,610.59
12673,610.5200000000001
15795,610.01
14636,609.85
13357,609.4
16442,609.3000000000002
13933,608.79
12933,607.5300000000001
17119,606.91
16718,606.05
17849,605.8000000000001
14133,605.6399999999999
17507,605.58
13233,605.12
14323,605.0600000000001
17664,604.64
12944,604.51
16732,603.75
12707,603.4200000000001
16022,602.6300000000001
15366,602.51
12654,601.98
14609,601.56
16654,601.27
12420,600.39
18211,600.07
12872,599.97
12521,599.68
12556,599.5600000000001
14710,599.48
17420,598.8299999999999
15720,598.73
13311,598.5700000000002
16298,598.2
14108,597.9100000000001
14645,597.0899999999999
15381,596.85
14675,596.36
14467,596.26
18246,596.1
14965,596.09
13888,595.6700000000001
17658,595.4200000000001
14284,595.2500000000001
13558,594.5200000000001
16788,594.39
16325,594.2400000000001
13959,594.04
15442,594.0
12917,594.0
16535,593.75
18232,592.97
16203,592.9
14692,591.5500000000001
15573,591.19
13276,590.9300000000001
13452,590.0
13270,590.0
14882,589.7
16838,588.85
14338,588.2199999999999
15624,588.13
17351,587.1500000000001
17890,586.8900000000001
12384,585.2700000000001
13243,585.12
15222,585.0
16384,584.5
16072,584.3199999999999
14023,584.07
13557,584.06
15762,583.7500000000001
17014,583.43
12426,582.73
13427,582.6000000000001
12695,582.1
17259,581.2299999999999
18095,580.0500000000001
17142,579.0
13292,578.9399999999999
17540,578.9000000000001
16005,578.71
14529,578.61
12601,577.0600000000001
14176,576.9000000000001
16723,576.3999999999999
15830,576.0
15550,575.63
13487,575.4000000000001
14400,574.6999999999999
18123,574.44
15339,574.0699999999999
15303,574.02
12879,573.22
13379,572.5600000000001
13405,572.451
12816,572.2
13816,571.67
17616,571.1999999999999
15821,570.96
15315,570.5
13939,568.5500000000001
17360,568.24
13321,567.36
16667,567.18
18150,566.58
16278,566.3800000000001
16345,565.46
13894,564.6200000000001
15344,563.9399999999999
16933,563.23
14753,563.15
17970,562.79
14167,562.59
16916,562.4100000000001
12414,562.41
12559,561.71
13946,561.5699999999999
15655,560.67
13044,560.47
14273,559.97
16275,559.87
15415,559.61
16906,559.59
12866,559.12
17503,558.96
12987,558.7
13800,558.32
14592,557.9399999999999
13260,557.6200000000001
17955,557.3
16385,554.86
17864,554.85
14891,554.38
14618,553.44
15068,553.36
12363,552.0
17674,551.04
17291,550.8000000000001
17235,550.06
17265,550.01
12390,549.84
14177,549.4599999999999
16536,548.12
16031,547.9
14474,547.66
16811,547.07
17637,547.0600000000001
16211,547.02
17295,547.0
17520,546.8100000000001
14805,546.4
14997,546.1999999999999
17806,546.04
12793,545.48
16475,544.3
13617,544.1800000000001
13390,544.08
16927,543.05
13278,542.73
16230,542.03
17897,541.81
17447,541.53
17557,541.46
13874,540.45
12743,540.13
13812,539.0
14496,538.81
15469,538.55
15539,538.46
14539,537.48
16206,537.0600000000001
15043,537.0
16804,536.99
16233,536.6800000000001
16142,535.34
13000,534.8499999999999
13385,534.57
16340,534.31
13434,534.24
17443,534.24
13217,533.98
17062,533.33
15433,533.3000000000001
15825,532.9399999999999
12784,532.82
16706,531.35
14265,530.18
18159,530.15
14002,529.73
14463,529.62
16185,529.4100000000001
18043,529.2900000000001
15452,528.48
17631,528.33
16602,528.08
15756,528.01
12479,527.2
17623,527.05
15919,525.6899999999999
17429,524.9200000000001
15467,524.88
13721,524.1399999999999
17329,523.11
18017,523.0
17712,522.9100000000001
12863,521.1999999999999
15149,520.8000000000001
17345,519.69
14873,519.6800000000001
12571,519.61
13643,519.4399999999999
16955,518.6700000000001
16650,518.42
15030,518.2800000000001
18252,518.2700000000001
16892,518.1899999999999
16135,517.55
17454,517.53
18205,517.36
13043,516.4200000000001
15882,516.36
15809,515.7700000000001
12811,514.8499999999999
15246,514.1500000000001
13005,513.6999999999999
17513,513.2
17290,513.01
17805,512.31
17480,511.82
15891,511.67999999999995
12582,511.36
14851,511.35
16561,511.12
15406,510.71
12436,509.01
15417,508.8
17391,508.8
14317,508.58
17958,508.46
17415,507.84000000000003
14158,507.66
14820,507.2900000000001
16960,507.05
13885,506.8
16614,506.18999999999994
12988,505.82
14014,505.18
15081,504.8
12991,503.76
17630,503.5999999999999
15535,502.9000000000001
16863,502.80000000000007
13865,501.56000000000006
15881,501.39
14871,501.28000000000003
13116,501.14000000000004
13247,501.12000000000006
16898,501.03
16616,500.41999999999996
15389,500.0
14077,499.4200000000001
15193,499.32
14681,498.95
16488,498.80000000000007
15142,498.74
17053,498.48
17298,498.4200000000001
16820,497.61
17495,497.56
15300,496.44
15018,496.21000000000004
12904,496.06
17374,495.77000000000004
15448,494.63999999999993
16352,494.43999999999994
17333,494.25
12763,494.08
14270,492.65
13732,491.86
14236,490.85999999999996
15000,490.52000000000004
15877,490.3299999999999
14416,490.2200000000001
18074,489.6000000000001
12809,489.31
17361,488.20000000000005
14396,487.98999999999995
15165,487.75
16643,487.51
13338,487.02000000000004
13675,486.82000000000005
17453,486.71999999999997
15287,486.69
13153,486.22
12639,486.1
15109,484.95
16999,484.82000000000005
16518,484.32
13531,483.7999999999999
14958,483.72999999999996
12808,483.65
14147,483.4
14450,483.25
16603,482.46999999999997
17950,482.2000000000001
12504,482.04999999999995
18216,481.75
13176,481.48999999999995
14130,480.90999999999997
15091,480.71
15006,480.38
17555,480.30999999999995
16368,479.90999999999997
16812,479.35
16008,478.78
15589,478.53000000000003
16768,478.09000000000003
12644,477.90999999999997
16693,477.86
13092,477.8299999999999
14320,477.7900000000001
12447,476.48999999999995
18176,476.35
15507,475.86000000000007
14853,475.79999999999995
14497,475.36999999999995
15780,475.28000000000003
14013,473.02
16038,471.78
15721,471.40000000000003
13066,470.80000000000007
15963,470.76
14431,470.35999999999996
15026,469.0
15557,468.90999999999997
14896,468.77
13171,468.40999999999997
14029,467.66
15468,467.51
13579,467.03999999999996
16374,466.73
14205,466.7
16504,465.88
13248,465.67999999999995
16742,464.9
13928,464.57
16586,463.95
15349,463.91
14967,463.79999999999995
12787,463.66
17418,463.46
14489,463.38
17964,463.21000000000004
12945,462.95
14331,462.6599999999999
14470,461.19
16824,460.64000000000004
16805,460.59000000000003
12491,460.40000000000003
12355,459.4
16589,459.24
17880,458.92
15754,458.57000000000005
13506,458.52
15092,457.80999999999995
15121,457.7200000000001
12375,457.50000000000006
13398,457.34000000000003
12564,456.9
12999,455.88
14513,455.59
15585,455.3
16529,455.25000000000006
14335,454.86
15471,454.48
13485,454.24
17140,454.11999999999995
15475,454.11
17564,454.01
18158,453.40000000000003
12729,453.01
18071,453.0
14184,452.89
12591,452.85
16574,451.44
15802,451.42
14173,450.84000000000003
16885,450.41
17040,449.73
13489,449.52000000000004
12448,449.44999999999993
15739,449.11999999999995
17579,448.90000000000003
14780,447.68
15646,447.64
15368,446.94000000000005
14149,446.62
17370,446.17999999999995
17190,444.74
18006,444.68
14638,443.6
16404,443.04999999999995
18222,443.0
12579,440.42
18233,440.0
15524,440.0
14022,439.99999999999994
13954,439.91999999999996
12391,439.66
16025,439.65999999999997
13359,439.56
16968,439.43000000000006
13358,439.03000000000003
14272,437.96
12552,437.81999999999994
16034,437.7
12592,437.6
16084,436.18000000000006
15551,436.06
16948,435.0199999999999
15456,434.59
14910,434.3500000000001
14460,434.34
14093,433.86
12493,433.74
17035,433.53
16236,432.2
16881,432.0
12452,430.57000000000005
13245,430.5
12795,430.48
12827,430.15
15450,429.84000000000003
16884,429.84
15230,429.6000000000001
15036,429.56000000000006
15553,428.93
13602,428.89000000000004
15957,428.89
17869,428.18000000000006
15360,427.93
12725,427.79999999999995
12403,427.70000000000005
15976,427.64000000000004
12740,427.6
12802,427.58000000000004
15930,426.63000000000005
14288,426.6
15639,425.32
14157,424.8900000000001
16119,423.36
17525,422.7
13473,422.64
16689,422.6
18240,422.58
13140,422.46999999999997
16780,422.23999999999995
18106,421.90000000000003
14757,420.5
15206,420.29999999999995
15889,420.06999999999994
14124,419.58000000000004
15361,418.91999999999996
18034,418.68
17371,418.4
12593,418.09999999999997
17701,417.95000000000005
17232,417.7699999999999
13615,417.69000000000005
16737,417.59999999999997
12833,417.38
17392,417.27000000000004
13166,417.2
16816,417.06
13889,416.9
17223,416.89
15935,416.86
16957,416.64
13085,416.08000000000004
15803,415.82000000000005
14139,415.82
12930,415.8
12580,415.70000000000005
15725,415.25
14333,415.2
18001,415.13000000000005
16795,414.88
14998,414.87
12993,414.76
15994,414.2699999999999
16239,414.19999999999993
17483,414.04
13974,413.59
16834,413.46
17134,413.2
14620,412.7799999999999
15523,412.01
16272,411.7
15186,411.41
15099,410.48
15695,409.98
14048,409.92999999999995
13827,409.80000000000007
14348,409.57000000000005
12990,409.5
15225,409.4000000000001
16243,409.1
16018,408.9
15269,408.8
17913,408.65
16629,408.62999999999994
16324,408.59000000000003
17931,408.36
16399,408.0199999999999
15127,406.53
16947,406.4800000000001
15342,406.09
14616,406.08000000000004
12970,405.47
12922,405.38
15012,405.0400000000001
15938,404.58000000000004
16319,404.40000000000003
16484,404.3
12498,403.7
17431,403.3
15221,403.25
18036,403.12
15184,402.2
12386,401.90000000000003
15158,401.4
16500,400.86
16198,400.68100000000004
12792,400.54
17375,400.1
18164,399.65
13255,399.51
18154,399.19
17052,399.09000000000003
17830,398.69999999999993
15522,397.99
13352,397.97999999999996
12508,397.88
15967,397.68000000000006
15429,397.3500000000001
17926,397.28999999999996
12824,397.12
13594,396.97
17486,396.87
15883,396.47999999999996
18067,396.33000000000004
16354,395.79999999999995
17603,394.72
14619,394.44000000000005
16207,394.38
15386,394.14
15264,393.74
15345,393.53999999999996
17226,393.49
14600,393.33
14670,392.85999999999996
16010,392.4
15837,391.98
16917,391.52
12982,390.53999999999996
18024,389.78000000000003
17379,389.72
14752,389.63999999999993
13873,389.6
13345,389.50000000000006
16250,389.44
15847,389.2700000000001
12690,389.01
15592,388.5799999999999
13899,388.5199999999999
13856,388.5
17438,388.45
14538,388.25
17817,387.67999999999995
14420,387.52000000000004
13673,387.43999999999994
17508,387.31000000000006
17595,386.69000000000005
14114,386.53
15664,386.42999999999995
17614,386.32000000000005
14779,386.15
13821,385.64
17711,385.1
13919,384.81
17357,384.39
16204,384.17999999999995
17205,384.08000000000004
16982,384.06
12733,383.95000000000005
13833,383.85
17189,383.75
12515,383.7
15440,383.68
14304,383.45
15424,383.34000000000003
12832,383.0300000000001
13817,382.98
17239,382.5
13657,382.14
17250,381.96999999999997
15090,381.32
16441,381.2
15048,381.00000000000006
12871,380.63999999999993
17573,380.6
17138,380.5
17999,380.39
17031,380.34999999999997
17936,380.13
14731,380.02000000000004
16552,379.73
13589,379.65
13656,379.65
17878,379.45000000000005
15885,379.35
16909,379.14
16930,378.89
13372,378.64
17078,378.2
17736,377.44
12890,376.72
17489,376.64
13936,376.58
16858,375.69000000000005
14448,375.35
14079,375.09999999999997
16147,375.0
14067,374.7
17492,374.57
12873,374.0
13351,373.94000000000005
16321,373.65
12895,372.80000000000007
12544,372.70000000000005
12981,372.2199999999999
13300,371.89
18155,371.62000000000006
15472,371.56
16776,371.54
14950,371.20000000000005
15975,371.01
15063,370.79999999999995
15922,369.5
16758,369.34000000000003
14888,369.2
17765,367.63
16065,367.14
18181,366.85
17911,366.23
17432,365.76000000000005
16499,365.45
16202,365.27000000000004
14886,364.79999999999995
15949,364.72
12373,364.6
15343,364.5
14528,364.22
12538,363.95000000000005
17330,363.90000000000003
14171,363.78999999999996
16509,363.70000000000005
16485,363.65000000000003
18056,363.65000000000003
12915,363.65
14932,363.53
14427,363.34000000000003
14594,363.33
16903,363.20000000000005
16378,362.95
16052,362.05999999999995
15025,361.96
13844,361.62000000000006
16769,361.53999999999996
16305,361.21999999999997
13291,361.10999999999996
17358,360.81000000000006
16595,360.16
13780,360.0100000000001
13298,360.0
15120,358.82
17948,358.56000000000006
16823,358.38
13228,358.0
13976,357.98
17025,357.77000000000004
16971,357.21
18040,357.20000000000005
13453,356.98
14500,356.85
15713,356.7
15247,356.0
16372,355.73
14537,355.56000000000006
15840,355.56
17742,355.11
14690,355.05000000000007
12888,354.12
12845,354.09000000000003
13173,353.65
13210,353.48
13343,353.43
14804,353.27
12617,352.98
15678,352.7
18112,352.69
16274,351.74999999999994
15901,351.72999999999996
12566,351.65
15870,351.44000000000005
15789,351.30000000000007
13923,351.13000000000005
13332,350.9
15334,350.82000000000005
13740,350.75000000000006
13108,350.06
12532,349.83000000000004
13670,349.70000000000005
13887,349.55
18250,349.27000000000004
15405,349.1
13927,348.98999999999995
17252,348.90999999999997
13790,348.79999999999995
12527,348.71000000000004
16159,348.2
13052,348.15
14379,348.1
13497,348.04999999999995
17668,347.75
18127,347.08000000000004
13062,346.97999999999996
13649,346.6
16423,346.12
13091,345.81999999999994
15781,345.4599999999999
17123,345.29999999999995
13774,345.0
14633,344.90000000000003
16978,344.33
17569,344.14
13068,344.0
15047,343.62
15520,343.5
18081,343.45
12715,343.36
12875,343.2300000000001
17795,342.83
16851,342.45000000000005
17835,342.24
16826,341.70000000000005
13347,341.36
14491,340.92999999999995
15115,340.10999999999996
13737,339.6
17045,339.43999999999994
16545,339.3
17697,338.95
16183,338.71000000000004
13569,338.62
15652,337.73999999999995
15942,337.44000000000005
13930,337.34
15900,337.28000000000003
17973,337.04
16105,336.96000000000004
17384,336.40000000000003
15619,336.40000000000003
18078,336.13000000000005
18276,335.85999999999996
14196,335.5199999999999
16063,335.32
17917,335.03000000000003
12489,334.93
14988,334.54
15466,334.53
17221,334.48
12350,334.4
15918,334.22999999999996
14264,333.97
13216,333.74
13727,333.48
16625,333.08000000000004
14902,332.65999999999997
13904,332.63999999999993
16850,332.40999999999997
16803,332.3
16177,331.95
16030,331.23999999999995
15210,331.17999999999995
16478,331.0
12891,331.0
17862,330.90000000000003
12519,330.84
13706,330.79
14517,330.45
15130,330.11
15714,330.03000000000003
16593,330.03
12953,329.85
17866,329.65000000000003
17615,329.59999999999997
13239,329.56
17914,329.36
17154,329.34000000000003
15153,329.25
15880,329.03
14012,328.8
17222,328.65000000000003
16343,328.58
16855,328.40000000000003
15213,328.35
14747,328.20000000000005
14206,328.15999999999997
16318,328.15000000000003
15314,327.96999999999997
14024,327.7
15579,327.6
16366,327.3
14870,327.25
16322,326.75
14987,326.4
17715,326.4
16071,326.23999999999995
15363,326.0
12844,325.96000000000004
16830,325.91
14850,325.75000000000006
15944,325.1
12790,324.9200000000001
13801,324.8
15597,324.57
16685,324.23999999999995
18261,324.23999999999995
15675,323.69
15921,323.03
16739,323.0
13955,322.96000000000004
16627,322.79999999999995
16342,322.40999999999997
15224,322.08
14424,322.08
14484,321.91999999999996
17976,321.78999999999996
14823,321.43
15236,321.05
16096,320.62
14622,320.58000000000004
13986,320.46000000000004
15107,319.5
16967,319.02
17157,319.0
17229,318.76
17248,318.65000000000003
14703,318.17
17839,318.15000000000003
12648,318.04999999999995
18066,318.0
17172,317.76
15101,317.53000000000003
17267,317.2
15257,317.15
15385,316.88
15243,316.68000000000006
16761,316.62
15204,316.58
17458,316.49999999999994
13494,316.26
15872,316.25
14479,316.25
16473,316.11
18117,315.6499999999999
12614,315.6
16091,315.06000000000006
15766,315.06
17237,314.68999999999994
16193,314.45
12650,314.44000000000005
16227,314.22
15970,314.1
13484,313.8
16582,313.62
14729,313.49
13845,312.98
15318,312.62
14555,312.53999999999996
12834,312.38
13642,312.28000000000003
17362,312.2300000000001
12785,311.95
16450,311.92
14142,311.81
15326,311.71
14951,311.69
14327,311.65000000000003
12852,311.55
13990,311.3
17854,311.25999999999993
16781,311.25
13897,311.16
15185,310.62000000000006
15308,310.47
14311,310.26000000000005
17912,310.06
14924,310.05
15661,309.79999999999995
15699,309.65
16810,309.54
14339,309.52
14847,309.40000000000003
17604,309.36
12884,309.05
13787,309.03999999999996
15010,308.94
16956,308.74
13699,308.58
17510,308.48
13369,308.28000000000003
13466,307.9
15973,307.82
16123,307.78
13529,307.76
13395,307.71999999999997
13060,307.53
14716,307.51
14915,307.47999999999996
17120,307.46
13932,307.4
13142,307.09000000000003
17334,307.02
15087,306.94000000000005
16668,306.72
13762,306.71999999999997
13718,306.54999999999995
18059,306.46
15659,306.45
17176,306.13
13863,305.78
15219,305.75000000000006
16796,305.62
16181,305.5400000000001
13045,305.28000000000003
18220,305.28000000000003
12623,305.09999999999997
17941,304.56
15163,304.47
16217,304.25
18185,304.25
17070,304.24
16674,304.24
17732,303.97
16400,303.92999999999995
13083,303.75
17433,303.16
16425,302.7
14248,302.58
16386,302.57
18165,302.46000000000004
16292,302.25
17506,302.2
15054,302.1
17094,302.0
16297,301.9
16715,301.72
15667,301.32000000000005
15148,301.29
15623,301.03000000000003
13479,300.95000000000005
17978,300.92
16430,300.85
16479,300.83
14762,300.52
13304,300.42
15254,300.36
17793,300.34
13745,300.03999999999996
18053,300.02
18215,299.34000000000003
13667,299.05
15609,298.47999999999996
17824,298.4
16104,298.21000000000004
17678,298.11
12881,298.0
15857,297.0
17531,296.7
13441,296.64000000000004
17266,296.58000000000004
13751,296.25
13504,295.93
16998,295.0
14954,294.85
15060,294.25
17124,294.24
15732,294.12
16402,293.45
17163,293.1
12829,293.0
16721,292.47
14985,292.01
13502,292.0
13449,291.88000000000005
17255,291.47999999999996
14656,291.05
14947,290.82
16648,290.65999999999997
15279,290.50999999999993
17691,290.40000000000003
16526,290.36
17551,290.34
13573,290.25
14784,289.99
17464,289.96
17201,289.78000000000003
16897,289.78
14162,289.35999999999996
16125,289.35
14549,289.24
15545,288.96999999999997
17081,288.91
17501,288.6
16808,288.42
15396,288.18
17977,288.14
17080,287.62
17760,287.59000000000003
16432,287.40000000000003
13760,286.78999999999996
16555,285.89
14660,285.74
14953,285.67
17636,285.56
13708,285.33
16429,284.55
18190,284.46000000000004
13121,283.72999999999996
13439,283.71
12703,283.55
17783,283.46999999999997
13259,283.18
18270,283.15000000000003
17694,283.12
14350,282.93
13754,282.6
13177,282.45
16557,281.85
16848,281.41999999999996
14242,280.55
16149,280.52
17247,280.09
14975,279.94
15556,279.77
14480,279.05
14764,278.3
14908,277.8
13803,277.07
15355,277.05
13606,276.75
13272,276.56
13544,276.06
12750,275.88
14512,275.28
16313,274.15000000000003
16883,272.48
17498,272.22
14819,272.07
13917,272.03999999999996
14816,271.85
13058,271.40000000000003
17767,271.2
17254,271.19000000000005
17496,271.05
18108,271.0
17011,270.9
15774,270.8
14520,270.6
13242,270.4
12558,269.96
17251,269.83000000000004
13533,269.09
14727,268.58
14508,268.05
15408,267.18
17550,267.15999999999997
15320,267.13
15517,267.03
16451,266.97
17786,266.85
14863,266.76
13837,266.59
15119,266.40000000000003
12962,266.39000000000004
14068,265.84999999999997
17430,265.76
14423,265.2
17968,265.1
13973,264.7
15912,264.62
17403,263.92
17708,263.33
12492,263.21000000000004
17194,262.62
16413,262.2
16936,261.9
13189,260.68
14053,260.25
15143,259.45
13127,259.17
14452,259.05
15577,258.88000000000005
13277,258.4
15894,258.25
13227,257.7
15014,257.67
13626,257.23
16048,256.44000000000005
12430,256.4
13806,256.38
17896,256.32
16727,256.31999999999994
17385,256.10999999999996
16447,255.91
14761,255.9
15277,255.9
14881,255.4
16226,255.12
15261,254.82
15154,254.28000000000003
12604,254.17999999999998
14765,254.10999999999996
15689,254.1
12797,254.03
15759,253.04
15019,252.81000000000003
15035,252.73000000000002
13404,252.49
15346,252.42000000000002
13645,252.1
13711,252.06000000000003
16330,251.91
16836,251.87
17155,251.7
16976,251.51999999999998
13512,251.21
14501,251.20999999999998
16024,251.03
13207,250.26
16596,250.15000000000003
17303,250.04000000000005
15510,250.0
17456,249.85999999999999
16124,249.0
13061,248.61
16510,248.1
15097,248.08
13592,247.96
18072,247.44000000000003
18009,247.39000000000004
13349,247.32
14658,247.14999999999998
15783,246.29999999999998
17278,246.04
16778,245.94000000000003
17771,245.80999999999997
12660,245.1
15118,244.8
16528,244.41
17892,244.09999999999997
17925,244.08
13103,243.94000000000003
16793,243.84000000000003
18193,243.76
13886,243.55999999999997
15634,243.55
17339,243.36
16601,242.7
16215,242.34999999999997
15776,241.62
14523,241.09000000000003
16427,241.06
17051,240.89
15598,240.68
15286,240.55
13565,240.22000000000003
17256,239.99999999999997
17181,239.92000000000002
15690,239.76000000000002
13570,239.48999999999998
17684,239.41
16756,239.39999999999998
12561,238.85
12718,238.25000000000003
17877,237.61
14586,237.36
15457,237.07
12732,236.26
16026,236.08999999999997
14647,236.04
13187,236.02
14375,235.56000000000003
15850,234.88000000000002
15462,234.60000000000002
14473,234.34
17060,234.24
16961,234.17000000000002
12736,234.0
13348,233.76
16583,233.45
16302,233.22
13678,232.60000000000002
18213,232.48000000000002
16117,232.21
17908,232.03
14995,231.98000000000002
15393,231.86000000000004
17111,231.61
16641,231.1
18030,230.64999999999998
16445,230.51
17125,230.49999999999997
13786,230.4
16926,230.25000000000003
13960,230.22
12812,229.64
13008,229.46999999999997
15528,229.32999999999998
14793,228.99
17347,228.96
13146,228.91
13712,228.84000000000003
13070,228.8
17969,228.2
16527,228.06
14569,227.39
17212,226.85
13474,226.84
17572,226.75
18005,226.47000000000006
17860,226.45000000000002
16315,226.36999999999998
16619,226.21
17789,225.90000000000003
12672,225.9
14624,225.85
12402,225.6
16690,225.58
14052,225.36
15483,225.26
16587,225.14999999999998
14357,225.12
17171,224.91
15175,224.14
16471,223.95000000000002
16753,223.92000000000002
14929,223.88000000000002
13926,223.85000000000002
15637,223.36
17534,223.35999999999999
13382,222.99
16777,222.62000000000003
18101,222.39999999999998
14598,221.96999999999997
14960,221.26999999999998
13419,221.06000000000003
16482,220.62
13079,220.10000000000002
18114,220.1
13600,219.52
15096,219.39000000000001
12702,219.0
15790,218.74999999999997
13669,218.55
12574,218.45000000000005
15724,218.25
14570,218.06000000000003
16634,217.89999999999998
16392,217.89
15554,217.20000000000002
16080,217.16
13739,216.9
13503,216.85
12897,216.5
15604,216.39
17436,216.3
14104,216.20999999999998
13858,216.16999999999996
18212,216.07
16179,215.82999999999998
17580,215.72000000000003
16189,215.48
16190,215.08
16519,215.07999999999998
12831,215.05
12588,214.89999999999998
16338,214.8
17619,214.37
16846,214.32
15460,214.26000000000005
16647,214.06
14601,213.96
13621,213.85000000000002
17153,213.78
14241,213.70000000000002
13411,213.55
16591,213.5
15540,213.29999999999998
17928,212.54000000000005
15866,211.89
16017,211.88
16356,211.77
16411,211.7
15703,211.5
13271,211.49
12995,211.32
13532,210.30999999999997
13828,209.48999999999998
17855,208.97
15327,208.75
17514,208.64999999999998
15897,208.59
16457,208.36
12547,207.8
18191,207.8
16866,207.73999999999998
15052,207.73000000000002
17923,207.50000000000003
16323,207.50000000000003
16752,207.5
13099,207.35999999999999
15925,207.15
15820,206.98
17166,206.34
14964,206.21
13065,205.85999999999999
17670,205.7
17843,205.48000000000002
15307,205.3
15758,205.25
13513,205.1
15319,204.50000000000006
17206,204.24
18273,204.0
13017,204.0
17187,203.95
17394,203.86999999999995
17891,203.85999999999999
17376,203.20000000000002
14381,202.68
18169,202.65
14984,202.37
16895,202.26999999999998
14385,202.11
13428,201.78
15347,201.60000000000002
17889,201.37
13295,201.2
16965,201.19000000000003
13284,201.19
13859,201.16000000000003
17988,201.11999999999998
18126,200.92000000000002
17693,200.47
13262,200.29000000000002
16415,200.27
15437,200.16
13980,200.14
14782,200.10000000000002
13723,199.85000000000002
15593,199.8
13322,199.48000000000002
16832,199.14999999999998
18110,198.80000000000004
17987,198.57
16178,197.9
12450,197.88
12581,197.71
14185,197.65
14789,197.64
16829,197.21999999999997
15234,197.0
12586,196.94
13436,196.89
15746,196.88
13978,196.79000000000002
16112,195.74
13792,195.55
17010,195.36
14666,195.24999999999997
15612,195.14999999999998
17475,194.37
15683,193.74999999999997
15198,193.64000000000001
17343,193.64
16847,193.44000000000003
17383,193.39
14806,193.39
14476,192.99999999999997
12522,192.72000000000003
12791,192.60000000000002
14768,192.6
16887,192.33
17608,191.98999999999998
14100,191.95000000000002
15909,191.94
14087,191.47
15692,191.04000000000002
17233,190.88
15723,190.7
13033,190.55
15412,190.53
13972,190.25
12361,189.9
13826,189.5
13663,189.47
14801,189.34
14830,188.88000000000002
14697,188.60999999999999
17781,188.01999999999998
17279,187.83
18013,187.29
13568,187.05
17440,186.42
13672,186.39000000000001
14551,186.23
15567,186.01
12641,185.89999999999998
17574,185.65
14199,185.39999999999998
16097,185.05
13482,184.64000000000001
17680,184.40000000000003
16433,184.26000000000002
15124,184.18999999999997
14326,183.85
16914,183.76
16680,183.7
14059,183.59999999999997
13460,183.44
13059,183.4
14966,183.01999999999998
16448,182.99
14082,182.25
16594,181.09
15886,181.08999999999997
17904,181.07
15945,181.0
16835,180.85000000000002
18119,180.70000000000002
18280,180.60000000000002
13710,180.48000000000002
14722,180.42000000000002
12622,180.10000000000002
15041,179.93
18147,179.34
15895,179.17000000000002
15454,179.1
14705,179.0
16990,179.0
16620,178.96
15139,178.95999999999998
15262,178.95000000000002
17660,178.75
13778,178.70000000000002
17879,178.51999999999998
15292,178.39000000000001
18045,178.34
17253,178.26
17356,178.21999999999997
18282,178.05
16403,177.5
13618,177.34
12618,177.31
13072,177.15
17947,176.67999999999998
14287,176.63
12893,176.54999999999998
12509,176.5
18274,175.92
17582,175.27
17331,175.2
16144,175.2
18010,174.79999999999995
14355,174.39999999999998
14518,174.36999999999998
18278,173.89999999999998
16861,173.76
14798,173.74
16565,173.7
12441,173.55
17772,173.45
15565,173.16000000000003
15670,173.04999999999998
14693,172.9
12923,172.82
18048,172.29
13922,172.25000000000003
13690,172.25
12442,172.06
16773,171.59
17245,171.45
13560,171.42000000000002
15432,171.19
14536,170.95000000000002
17542,170.75000000000003
14860,170.32000000000002
15335,170.22
18058,170.15999999999997
15016,170.04
13962,169.55
14218,169.48
12367,168.89999999999998
14578,168.63
18269,168.6
18099,168.31
15888,168.30999999999997
16282,168.3
17737,168.24
15986,168.12
15374,168.0
12551,168.0
16952,167.61
17367,167.54999999999998
15920,167.5
16405,167.25
14295,166.20000000000002
17650,166.08
12817,166.04
18088,166.03000000000003
17561,165.12
18042,165.04999999999998
13470,165.0
15316,165.0
15904,164.67999999999998
17535,164.4
13603,164.34
14552,164.22000000000003
14354,163.62
17110,163.3
17301,163.23999999999998
13223,163.20000000000002
14485,162.8
12920,162.78
16517,162.7
15733,162.3
18014,162.21999999999997
15325,161.74
17600,161.67
15458,161.64
16113,161.38
14237,161.0
13229,160.95
15852,160.71
12573,160.54000000000002
18203,160.42000000000002
18146,160.35000000000002
14714,160.19
12966,160.18
13598,160.04000000000002
13420,159.85
16213,159.0
18224,158.95000000000002
13937,158.85
15167,158.8
14089,158.75
17165,158.68
15160,158.16000000000003
15348,158.04
18004,157.92
17556,157.9
14799,157.7
17344,157.62
14148,157.2
17128,157.09000000000003
14585,157.05
17118,157.01999999999998
15007,156.91000000000003
15988,156.78
14406,156.75
15438,156.57999999999998
15263,156.51000000000002
17885,156.34
13898,155.93
17871,155.9
17832,155.37000000000003
12738,155.35
15447,155.17
13809,155.05
14368,155.0
14046,154.98999999999998
17698,154.95
15740,154.88000000000002
17026,154.82999999999998
17899,154.54999999999998
15226,154.41
16406,154.35000000000002
16921,154.18
17517,153.94000000000003
16351,153.9
12602,153.12
17714,153.0
16720,152.95
16248,152.94
14813,152.88
17984,152.68
18138,152.65
14066,152.55
17707,152.4
13514,152.20000000000002
14039,152.2
17898,152.06
16617,151.85
14208,151.74
14362,151.50000000000003
13462,151.5
17286,151.37
13697,151.3
16337,151.05
14073,151.04
14204,150.60999999999999
18200,150.35
15717,150.3
16932,150.23000000000002
17234,149.89
15869,149.64000000000001
17946,149.58
18262,149.48
15435,149.29
13003,149.05
17549,148.86
15526,148.43999999999997
14968,147.59
14098,147.34999999999997
14037,147.20000000000002
12864,147.12
17030,146.87
14238,146.85
16893,145.92999999999998
12565,145.92
17935,145.79000000000002
13866,145.67000000000002
15937,145.35
16598,145.05
17524,145.0
16852,144.91
12974,144.8
15748,144.36
14109,144.2
12587,144.0
17186,144.0
17578,143.45999999999998
15705,143.10000000000002
16461,142.92
13299,142.5
16287,142.5
13584,142.4
14386,142.4
17859,141.92000000000002
13561,141.85999999999999
14041,141.40999999999997
15503,141.04
15388,140.54000000000002
13483,140.34
14494,139.56
17718,139.35
16483,139.35
14772,139.26
18209,139.1
15135,139.05
13273,138.98
12902,138.68
14581,138.60000000000002
17122,138.32
13716,138.28000000000003
15663,138.14
16050,137.9
13279,137.75
17709,137.45
15836,137.37
14483,137.1
17468,137.0
15691,136.8
14247,136.77
16462,136.0
16412,135.99
12968,135.95
15042,135.93
14889,135.9
15419,135.85999999999999
15174,135.75000000000003
16114,135.75
16665,135.4
17972,135.19
13364,134.96
16055,134.8
14340,134.7
15562,134.55
14174,134.45999999999998
12837,134.10000000000002
14280,134.04
16424,133.56
14349,133.5
12445,133.4
17881,133.35
15709,133.25
17647,133.06
12512,132.17999999999998
17785,131.94
14438,131.9
12851,131.81
17455,131.7
14795,131.45000000000002
15844,130.74
16679,129.75
16611,129.49
16623,129.45
15276,128.63
16828,128.5
17297,128.17999999999998
17359,127.86000000000001
15543,127.86
13781,127.84
15578,127.1
15923,127.07999999999998
14962,126.70000000000002
16414,126.25
15463,126.14
16988,126.12
12814,125.92
13522,125.8
14861,125.79000000000002
14890,125.65
15017,125.58
12531,125.21999999999998
17148,124.88
16849,124.57
16569,124.2
14495,123.8
16658,123.24000000000001
15917,123.1
13519,122.75
13876,122.7
13638,122.64000000000001
16073,122.39999999999999
18018,122.14000000000001
13244,121.74000000000001
13182,121.18
15049,121.17
14413,121.05000000000001
15512,121.0
13002,120.94999999999999
17446,120.9
14165,120.44
18015,120.02999999999999
14259,120.0
14314,119.99999999999999
14453,119.93
16542,119.62
15266,119.30000000000001
16666,118.97999999999999
15843,118.95000000000002
17079,118.80000000000001
14155,118.75
14076,118.67000000000002
13581,118.0
12929,117.85000000000001
17654,117.55000000000001
16959,117.35000000000001
13877,117.24
17117,116.2
17601,116.01000000000002
14143,115.8
15350,115.65
13067,115.46000000000001
18027,115.30999999999999
14972,114.76999999999998
13188,114.60000000000001
16247,114.55999999999999
14632,114.55999999999999
17852,114.33999999999999
17219,114.23
14652,114.17999999999999
12938,114.14
14582,114.11000000000001
12651,114.0
14457,113.64
17217,113.5
15445,113.5
18105,113.47999999999999
16913,113.44
15280,113.12000000000002
14689,112.8
16697,112.75
13161,112.75
13807,112.6
18129,112.55000000000001
15610,112.46
17038,112.40000000000002
14271,112.32
17967,112.27
17900,112.19999999999999
13193,112.08
12756,112.07999999999998
17957,111.68
17887,111.35000000000001
18120,111.15
13508,110.97
13144,110.95
15537,110.92
15853,110.80000000000001
16963,110.55000000000001
14641,110.46
12734,110.39999999999999
16792,110.38000000000001
18277,110.38000000000001
17901,110.38
17746,110.25
17836,110.21
13133,109.8
16363,109.36000000000001
14699,109.13
14345,108.97999999999999
13170,108.81
17639,108.5
16106,108.38
13226,108.21000000000001
12956,108.07000000000002
14661,107.95
17274,107.82
16784,107.6
15395,107.44999999999999
17893,107.21
16757,106.83000000000001
15168,106.56
15070,106.2
17791,106.1
16581,105.84
15775,104.9
14027,104.82
15607,104.75999999999999
15958,104.35000000000001
18174,104.0
18255,103.3
17548,103.3
14542,103.25
18011,102.79
14836,102.44999999999999
17962,102.41
14981,102.12
13948,101.99999999999999
15212,101.8
16516,101.69999999999999
18068,101.69999999999999
17643,101.55
16006,101.4
18086,101.34
13101,101.19
16344,101.10000000000001
16498,100.97
14946,100.9
17427,100.8
14371,100.5
13703,99.5
17939,99.14
15256,98.45
17538,98.41999999999999
17349,98.25
15422,97.7
12984,97.5
17325,96.8
15216,96.6
14642,96.12
17024,95.85
17895,95.45
18249,95.34
12548,95.19999999999999
16387,94.36
13651,94.19999999999999
16339,94.05000000000001
15397,94.0
18033,93.82000000000001
15428,93.78
18227,93.75
13283,93.66
17991,93.35000000000001
12821,92.72
14054,92.46000000000001
12789,91.85000000000001
13551,91.80000000000001
13160,91.8
12659,91.68
15488,91.32000000000001
14353,90.6
13947,90.6
18084,90.47999999999999
16506,90.30000000000001
15552,90.11999999999999
16597,90.04
14117,90.0
14219,89.94
14974,89.94
14760,89.2
12686,89.14
14436,89.06
12353,89.0
15083,88.19999999999999
15180,87.5
13296,87.4
15541,85.13000000000001
15729,85.0
13841,85.0
13666,84.64999999999999
12401,84.3
17309,82.75
13006,81.57
17620,81.44
18281,80.82
16789,80.8
13967,80.7
17752,80.64
13747,79.6
15753,79.2
16078,79.2
17942,77.50000000000001
14785,77.4
13132,77.3
13992,76.8
14373,76.55
17536,76.5
13106,76.5
14090,76.32000000000001
18113,76.32000000000001
16148,76.32000000000001
15668,76.32000000000001
17995,76.1
17628,75.75000000000001
16610,75.66
13403,75.0
16468,74.9
18050,74.4
13095,74.39999999999999
17960,73.78
18032,73.5
12506,73.49999999999999
16171,73.2
17906,72.9
13686,72.0
13938,71.66
13185,71.4
17747,71.4
17022,70.99999999999999
18037,70.02000000000001
15863,68.84
14393,67.95
17382,65.4
13684,65.13
13130,64.0
13302,63.75
17263,63.440000000000005
12665,63.0
14437,63.0
14840,62.85
13218,62.64
15516,62.43
13194,60.7
17174,59.9
13391,59.8
13682,59.5
14957,58.489999999999995
13080,58.08
17775,56.4
15899,56.25
13366,56.160000000000004
16349,53.5
15504,52.83000000000001
14865,52.2
13832,52.199999999999996
14682,52.0
15313,52.0
17844,51.56
14351,51.0
13011,50.550000000000004
18184,49.8
14821,48.800000000000004
15603,48.480000000000004
16257,46.95
14080,45.599999999999994
15423,43.5
14300,43.2
15992,41.989999999999995
15178,40.5
14589,39.75
12977,39.24
16659,39.12
18019,38.45
12855,38.1
16162,37.4
17816,36.56
15940,35.8
16856,35.400000000000006
17831,35.400000000000006
14576,35.400000000000006
15744,34.8
16765,34.0
17408,32.65
13120,30.599999999999998
15657,30.0
17102,25.5
18268,25.5
17986,20.8
16953,20.8
16093,17.0
15823,15.0
13307,15.0
17763,15.0
16878,13.3
17956,12.75
16454,6.9
14792,6.2
16738,3.75
